Workbook

Sheet Overview
A1: Finmate - Overview de costos
A2: Clasificacion automatica de los costos cargados en 'Suscripciones' y 'Pagos', agrupados por categoria.
A4: Categoria | B4: Suscripciones (mensual) | C4: Pagos (acumulado) | D4: Total
A5: Hosting / Infraestructura | B5: =SUMIFS(Suscripciones!$E$6:$E$15,Suscripciones!$C$6:$C$15,$A5) -> 0 | C5: =SUMIFS(Pagos!$E$6:$E$19,Pagos!$D$6:$D$19,$A5) -> 0 | D5: =B5+C5 -> 0
A6: Base de datos | B6: =SUMIFS(Suscripciones!$E$6:$E$15,Suscripciones!$C$6:$C$15,$A6) -> 0 | C6: =SUMIFS(Pagos!$E$6:$E$19,Pagos!$D$6:$D$19,$A6) -> 0 | D6: =B6+C6 -> 0
A7: Cache | B7: =SUMIFS(Suscripciones!$E$6:$E$15,Suscripciones!$C$6:$C$15,$A7) -> 0 | C7: =SUMIFS(Pagos!$E$6:$E$19,Pagos!$D$6:$D$19,$A7) -> 0 | D7: =B7+C7 -> 0
A8: IA / API (Claude) | B8: =SUMIFS(Suscripciones!$E$6:$E$15,Suscripciones!$C$6:$C$15,$A8) -> 0 | C8: =SUMIFS(Pagos!$E$6:$E$19,Pagos!$D$6:$D$19,$A8) -> 0 | D8: =B8+C8 -> 0
A9: Mensajeria (WhatsApp/Twilio) | B9: =SUMIFS(Suscripciones!$E$6:$E$15,Suscripciones!$C$6:$C$15,$A9) -> 0 | C9: =SUMIFS(Pagos!$E$6:$E$19,Pagos!$D$6:$D$19,$A9) -> 0 | D9: =B9+C9 -> 0
A10: Dominio | B10: =SUMIFS(Suscripciones!$E$6:$E$15,Suscripciones!$C$6:$C$15,$A10) -> 0 | C10: =SUMIFS(Pagos!$E$6:$E$19,Pagos!$D$6:$D$19,$A10) -> 0 | D10: =B10+C10 -> 0
A11: Otros | B11: =SUMIFS(Suscripciones!$E$6:$E$15,Suscripciones!$C$6:$C$15,$A11) -> 0 | C11: =SUMIFS(Pagos!$E$6:$E$19,Pagos!$D$6:$D$19,$A11) -> 0 | D11: =B11+C11 -> 0
A13: TOTAL GENERAL | B13: =SUM(B5:B11) -> 0 | C13: =SUM(C5:C11) -> 0 | D13: =SUM(D5:D11) -> 0
A15: Nota: 'Suscripciones (mensual)' suma la columna Monto de la hoja Suscripciones por categoria. 'Pagos (acumulado)' suma todos los pagos cargados en la hoja Pagos por categoria, sin filtrar por fecha.

Sheet Suscripciones
A1: Finmate - Suscripciones
A2: Costos recurrentes (mensuales/anuales) de las plataformas que usa Finmate. Celdas en amarillo: completa vos a medida que configuras cada plataforma.
A4: Plataforma | B4: Detalle / Para que sirve | C4: Categoria | D4: Dia de renovacion | E4: Monto | F4: Moneda | G4: Link de cancelacion | H4: Estado | I4: Notas
A5: EJEMPLO - Railway | B5: Hosting del bot (Flask + scheduler + deploy automatico desde GitHub) | C5: Hosting / Infraestructura | D5: 5 | E5: 5 | F5: USD | G5: https://railway.com -> Settings -> Billing | H5: Activa | I5: Plan Hobby base; el consumo real se suma aparte
A6: Railway | B6: Hosting del bot: Flask, scheduler de alertas y resumen semanal. Auto-deploy desde GitHub. | C6: Hosting / Infraestructura | F6: USD | G6: https://railway.com/dashboard -> Settings -> Billing | H6: Pendiente de configurar | I6: Trial terminado, falta activar plan
A7: Neon | B7: Base de datos Postgres: memoria persistente del agente (usuarios + historial de conversacion). | C7: Base de datos | F7: USD | G7: https://console.neon.tech -> proyecto finmate -> Billing | H7: Activa | I7: Plan Free mientras el uso lo permita
A8: Upstash | B8: Cache Redis: evita pedir datos de mercado repetidos en poco tiempo. Es opcional. | C8: Cache | F8: USD | G8: https://console.upstash.com/redis -> cuenta -> Billing | H8: Activa | I8: Plan Free mientras el uso lo permita
A9: GitHub | B9: Repositorio del codigo (claudeheymate-code/finmate) y editor web usado para el deploy. | C9: Hosting / Infraestructura | E9: 0 | F9: USD | G9: https://github.com/settings/billing | H9: Activa | I9: Plan gratuito, repo publico/privado chico

Sheet Pagos
A1: Finmate - Pagos
A2: Pagos de una sola vez o variables segun uso (cargas de creditos, consumo de API, mensajes de WhatsApp, etc). Celdas en amarillo: completa vos cada vez que hagas un pago o carga.
A4: Fecha | B4: Plataforma | C4: Detalle | D4: Categoria | E4: Monto | F4: Moneda | G4: Notas
A5: 2026-10-26 | B5: Anthropic | C5: EJEMPLO - Carga de creditos para la API (consumo del agente por tool-calling) | D5: IA / API (Claude) | E5: 20 | F5: USD | G5: Se consume segun uso; recargar cuando se acerque a 0
